{"stats":{"minecraft:dropped":{"minecraft:sugar_cane":6},"minecraft:killed_by":{"minecraft:player":1},"minecraft:mined":{"minecraft:grass":1,"minecraft:grass_block":4,"minecraft:sand":5,"minecraft:dirt":2,"minecraft:sugar_cane":4,"minecraft:oak_leaves":5},"minecraft:custom":{"minecraft:time_since_rest":11395,"minecraft:crouch_one_cm":120,"minecraft:sprint_one_cm":6587,"minecraft:play_time":13391,"minecraft:deaths":1,"minecraft:damage_taken":299,"minecraft:walk_one_cm":18380,"minecraft:sneak_time":33,"minecraft:walk_under_water_one_cm":1076,"minecraft:drop":4,"minecraft:jump":103,"minecraft:damage_dealt":45,"minecraft:leave_game":2,"minecraft:walk_on_water_one_cm":4919,"minecraft:time_since_death":11374,"minecraft:climb_one_cm":900,"minecraft:total_world_time":13391,"minecraft:swim_one_cm":7599,"minecraft:fall_one_cm":4622,"minecraft:fly_one_cm":20795},"minecraft:used":{"minecraft:redstone_torch":2,"minecraft:sand":2,"minecraft:dirt":8,"minecraft:tnt":193,"minecraft:cobbled_deepslate":91},"minecraft:picked_up":{"minecraft:cobbled_deepslate":80,"minecraft:sand":5,"minecraft:sugar_cane":6,"minecraft:dirt":40}},"DataVersion":3465}