{"stats":{"minecraft:picked_up":{"minecraft:stick":4,"minecraft:crafting_table":3,"born_in_chaos_v1:shattered_skull":1,"gnumus:juicy_meat":3,"biomesoplenty:fir_sapling":2,"minecraft:spruce_fence":1,"gravestone:obituary":5,"minecraft:pumpkin_seeds":9,"minecraft:gunpowder":2,"minecraft:oak_log":1,"minecraft:spruce_sapling":6,"minecraft:spruce_log":14,"born_in_chaos_v1:pieceofdarkmetal":1,"minecraft:spider_eye":1,"minecraft:string":4,"minecraft:arrow":2,"minecraft:purple_bed":2,"minecraft:bone":6,"born_in_chaos_v1:fire_dust":1,"minecraft:oak_sapling":1,"minecraft:mutton":4,"minecraft:white_wool":2,"minecraft:cobblestone":10,"minecraft:sunflower":1},"minecraft:dropped":{"gravestone:obituary":10,"minecraft:pumpkin_seeds":18},"minecraft:crafted":{"minecraft:oak_planks":4,"gnumus:grilled_juicy_meat":3,"minecraft:wooden_shovel":1,"minecraft:crafting_table":1,"minecraft:spruce_planks":24,"minecraft:stick":8,"minecraft:wooden_pickaxe":1,"minecraft:wooden_axe":1,"minecraft:stone_sword":1,"minecraft:furnace":1,"minecraft:cooked_mutton":4,"minecraft:air":0},"minecraft:killed":{"minecraft:skeleton":1,"minecraft:sheep":2,"minecraft:cave_spider":1,"minecraft:zombie":1,"gnumus:big_snout":1,"born_in_chaos_v1:skeleton_thrasher_not_despawn":1,"born_in_chaos_v1:firelight_not_despawn":1},"minecraft:used":{"minecraft:cooked_mutton":1,"minecraft:wooden_axe":20,"minecraft:stone_sword":22,"minecraft:wooden_pickaxe":13,"minecraft:wooden_shovel":2,"minecraft:iron_chestplate":1,"minecraft:purple_bed":1,"minecraft:sweet_berries":2,"minecraft:crafting_table":4,"minecraft:furnace":1,"alexsmobs:animal_dictionary":3},"minecraft:mined":{"minecraft:purple_bed":2,"minecraft:fire":1,"born_in_chaos_v1:black_argillite_brick_stairs":1,"born_in_chaos_v1:black_argillite_brick":1,"treechop:chopped_log":2,"minecraft:crafting_table":3,"gravestone:gravestone":5,"minecraft:grass":2,"minecraft:spruce_fence":1,"minecraft:oak_log":1,"minecraft:sunflower":1,"minecraft:stone":10,"minecraft:oak_leaves":1},"minecraft:killed_by":{"minecraft:cave_spider":1,"minecraft:skeleton":2,"minecraft:stray":1,"minecraft:zombie":1},"minecraft:custom":{"minecraft:time_since_rest":3131,"minecraft:interact_with_furnace":6,"minecraft:sprint_one_cm":72814,"minecraft:walk_one_cm":36964,"minecraft:damage_taken":1487,"minecraft:mob_kills":8,"minecraft:drop":12,"minecraft:damage_dealt":1177,"minecraft:talked_to_villager":7,"minecraft:swim_one_cm":530,"minecraft:interact_with_crafting_table":7,"minecraft:fly_one_cm":112377,"minecraft:open_chest":4,"minecraft:interact_with_loom":1,"minecraft:crouch_one_cm":126,"minecraft:play_time":17480,"minecraft:deaths":5,"minecraft:sneak_time":50,"minecraft:jump":434,"minecraft:time_since_death":3107,"minecraft:walk_on_water_one_cm":1681,"minecraft:total_world_time":17480,"minecraft:fall_one_cm":19184}},"DataVersion":3465}