{"stats":{"minecraft:picked_up":{"minecraft:crafting_table":3,"biomesoplenty:fir_sapling":2,"minecraft:oak_log":1,"gravestone:obituary":7,"minecraft:gunpowder":2,"minecraft:string":10,"minecraft:bone":9,"minecraft:book":18,"minecraft:tipped_arrow":1,"minecraft:dark_oak_slab":1,"minecraft:stick":4,"born_in_chaos_v1:shattered_skull":1,"gnumus:juicy_meat":3,"minecraft:spruce_fence":1,"minecraft:spruce_sapling":6,"born_in_chaos_v1:pieceofdarkmetal":1,"minecraft:spruce_log":14,"minecraft:spider_eye":1,"minecraft:stone_sword":1,"minecraft:pumpkin_seeds":9,"minecraft:arrow":5,"minecraft:purple_bed":2,"minecraft:rotten_flesh":2,"born_in_chaos_v1:fire_dust":1,"minecraft:oak_sapling":1,"minecraft:mutton":4,"minecraft:white_wool":2,"minecraft:cobblestone":10,"minecraft:sunflower":1},"minecraft:dropped":{"minecraft:stone_sword":1,"minecraft:pumpkin_seeds":18,"gravestone:obituary":13},"minecraft:crafted":{"minecraft:oak_planks":4,"gnumus:grilled_juicy_meat":3,"minecraft:wooden_shovel":1,"minecraft:crafting_table":2,"minecraft:spruce_planks":72,"minecraft:wooden_pickaxe":1,"minecraft:furnace":1,"minecraft:cooked_mutton":4,"minecraft:air":0,"minecraft:stick":8,"minecraft:wooden_axe":1,"minecraft:stone_sword":1,"minecraft:chest":1},"minecraft:killed":{"minecraft:vex":1,"minecraft:cave_spider":3,"minecraft:spider":1,"gnumus:big_snout":1,"born_in_chaos_v1:skeleton_thrasher_not_despawn":1,"minecraft:sheep":2,"minecraft:skeleton":1,"minecraft:zombie":2,"minecraft:stray":2,"born_in_chaos_v1:firelight_not_despawn":2},"minecraft:used":{"minecraft:cooked_mutton":1,"minecraft:stone_sword":74,"minecraft:spruce_planks":40,"minecraft:chest":1,"minecraft:wooden_pickaxe":18,"minecraft:wooden_shovel":2,"minecraft:iron_chestplate":1,"minecraft:crafting_table":5,"minecraft:wooden_axe":27,"minecraft:bread":1,"minecraft:dark_oak_slab":1,"minecraft:sweet_berries":2,"minecraft:purple_bed":2,"minecraft:furnace":1,"alexsmobs:animal_dictionary":3,"gnumus:grilled_juicy_meat":2},"minecraft:mined":{"minecraft:crafting_table":3,"gravestone:gravestone":8,"minecraft:spruce_fence":1,"minecraft:tall_grass":1,"minecraft:spawner":2,"minecraft:purple_bed":2,"minecraft:dark_oak_slab":1,"minecraft:fire":1,"born_in_chaos_v1:black_argillite_brick_stairs":1,"treechop:chopped_log":2,"born_in_chaos_v1:black_argillite_brick":1,"minecraft:grass":6,"minecraft:bookshelf":6,"minecraft:oak_log":1,"minecraft:sunflower":1,"minecraft:cobweb":1,"minecraft:stone":10,"minecraft:oak_leaves":1},"minecraft:killed_by":{"minecraft:cave_spider":1,"minecraft:skeleton":2,"minecraft:stray":3,"minecraft:zombie":2},"minecraft:custom":{"minecraft:interact_with_furnace":6,"minecraft:mob_kills":16,"minecraft:interact_with_crafting_table":9,"minecraft:open_barrel":6,"minecraft:interact_with_loom":1,"minecraft:leave_game":1,"minecraft:time_since_death":2604,"minecraft:time_since_rest":2634,"minecraft:sprint_one_cm":98107,"minecraft:damage_taken":2807,"minecraft:walk_one_cm":68772,"minecraft:drop":16,"minecraft:damage_dealt":2816,"minecraft:swim_one_cm":530,"minecraft:talked_to_villager":7,"minecraft:fly_one_cm":129553,"minecraft:open_chest":8,"minecraft:crouch_one_cm":162,"minecraft:play_time":24521,"minecraft:deaths":8,"minecraft:sneak_time":60,"minecraft:jump":558,"minecraft:walk_on_water_one_cm":2489,"minecraft:total_world_time":24521,"minecraft:fall_one_cm":22540}},"DataVersion":3465}