{"stats":{"minecraft:picked_up":{"minecraft:crafting_table":3,"minecraft:stick":2,"gnumus:juicy_meat":3,"minecraft:oak_log":1,"minecraft:spruce_sapling":6,"minecraft:spruce_log":14,"minecraft:oak_sapling":1,"minecraft:cobblestone":10},"minecraft:crafted":{"minecraft:stone_sword":1,"minecraft:oak_planks":4,"minecraft:wooden_shovel":1,"minecraft:crafting_table":1,"minecraft:spruce_planks":24,"minecraft:stick":8,"minecraft:wooden_pickaxe":1,"minecraft:wooden_axe":1},"minecraft:killed":{"gnumus:big_snout":1},"minecraft:used":{"minecraft:wooden_axe":17,"minecraft:crafting_table":3,"alexsmobs:animal_dictionary":3,"minecraft:wooden_pickaxe":10},"minecraft:mined":{"minecraft:grass":1,"minecraft:oak_log":1,"minecraft:stone":10,"treechop:chopped_log":2,"minecraft:oak_leaves":1,"minecraft:crafting_table":3},"minecraft:custom":{"minecraft:time_since_rest":5480,"minecraft:crouch_one_cm":58,"minecraft:play_time":5480,"minecraft:sprint_one_cm":10138,"minecraft:damage_taken":20,"minecraft:walk_one_cm":13001,"minecraft:sneak_time":37,"minecraft:mob_kills":1,"minecraft:jump":86,"minecraft:damage_dealt":404,"minecraft:walk_on_water_one_cm":412,"minecraft:time_since_death":5480,"minecraft:total_world_time":5480,"minecraft:interact_with_crafting_table":3,"minecraft:fall_one_cm":4205,"minecraft:fly_one_cm":18646}},"DataVersion":3465}