{"stats":{"minecraft:picked_up":{"biomesoplenty:toadstool":16,"minecraft:stick":1,"minecraft:crafting_table":2,"minecraft:wheat":5,"minecraft:pumpkin":5,"biomesoplenty:fir_sapling":2,"biomesoplenty:fir_log":7,"gravestone:obituary":1,"minecraft:oak_log":7,"minecraft:spruce_sapling":3,"minecraft:spruce_log":13,"minecraft:apple":1,"minecraft:wheat_seeds":15,"minecraft:oak_sapling":3,"minecraft:sunflower":1},"minecraft:dropped":{"gravestone:obituary":2},"minecraft:crafted":{"biomesoplenty:fir_planks":28,"minecraft:oak_planks":4,"minecraft:crafting_table":2,"minecraft:spruce_planks":52,"minecraft:stick":12,"minecraft:wooden_pickaxe":1,"minecraft:wooden_axe":2},"minecraft:used":{"minecraft:wheat_seeds":4,"minecraft:wooden_axe":27,"minecraft:apple":1,"minecraft:sunflower":1,"biomesoplenty:fir_planks":9,"minecraft:spruce_sapling":1,"biomesoplenty:toadstool":1,"minecraft:crafting_table":2,"minecraft:oak_sapling":1,"alexsmobs:animal_dictionary":1},"minecraft:mined":{"minecraft:spruce_sapling":1,"biomesoplenty:toadstool":17,"minecraft:wheat":5,"minecraft:spruce_log":3,"minecraft:pumpkin":5,"treechop:chopped_log":5,"minecraft:crafting_table":2,"minecraft:grass":1,"minecraft:oak_log":1,"minecraft:rose_bush":1,"minecraft:sunflower":1,"biomesoplenty:sprout":1,"minecraft:oak_leaves":6,"minecraft:fern":2},"minecraft:killed_by":{"born_in_chaos_v1:zombie_clown_not_despawn":1,"minecraft:skeleton":1},"minecraft:custom":{"minecraft:time_since_rest":3111,"minecraft:sprint_one_cm":62664,"minecraft:damage_taken":640,"minecraft:walk_one_cm":60296,"minecraft:drop":2,"minecraft:damage_dealt":246,"minecraft:talked_to_villager":4,"minecraft:swim_one_cm":1584,"minecraft:interact_with_crafting_table":2,"minecraft:fly_one_cm":89262,"minecraft:crouch_one_cm":1068,"minecraft:play_time":16790,"minecraft:deaths":2,"minecraft:sneak_time":360,"minecraft:walk_under_water_one_cm":1279,"minecraft:jump":444,"minecraft:time_since_death":5115,"minecraft:walk_on_water_one_cm":2161,"minecraft:sleep_in_bed":2,"minecraft:total_world_time":16790,"minecraft:fall_one_cm":12266}},"DataVersion":3465}