{"stats":{"minecraft:picked_up":{"minecraft:crafting_table":6,"minecraft:wheat":5,"minecraft:chicken":1,"minecraft:leather":2,"biomesoplenty:fir_sapling":2,"biomesoplenty:fir_log":7,"minecraft:oak_log":7,"gravestone:obituary":1,"minecraft:dirt":3,"minecraft:apple":1,"minecraft:wheat_seeds":15,"minecraft:beef":9,"minecraft:furnace":1,"biomesoplenty:toadstool":16,"minecraft:stick":1,"minecraft:pumpkin":5,"minecraft:porkchop":4,"minecraft:spruce_sapling":3,"minecraft:spruce_log":13,"minecraft:oak_sapling":3,"minecraft:coal":10,"minecraft:cobblestone":43,"minecraft:sunflower":1},"minecraft:dropped":{"gravestone:obituary":2},"minecraft:crafted":{"minecraft:oak_planks":4,"minecraft:cooked_porkchop":4,"minecraft:crafting_table":2,"minecraft:spruce_planks":52,"minecraft:wooden_pickaxe":2,"minecraft:furnace":1,"minecraft:bread":1,"minecraft:air":0,"biomesoplenty:fir_planks":28,"minecraft:stick":16,"minecraft:stone_pickaxe":1,"minecraft:wooden_axe":2},"minecraft:killed":{"minecraft:pig":3,"minecraft:chicken":1,"minecraft:cow":4},"minecraft:used":{"minecraft:wheat_seeds":4,"minecraft:stone_pickaxe":41,"minecraft:wooden_pickaxe":14,"biomesoplenty:fir_planks":9,"minecraft:dirt":3,"minecraft:crafting_table":6,"minecraft:oak_log":6,"minecraft:wooden_axe":46,"minecraft:apple":1,"minecraft:sunflower":1,"minecraft:chicken":1,"minecraft:bread":1,"minecraft:spruce_sapling":1,"biomesoplenty:toadstool":1,"minecraft:oak_sapling":1,"minecraft:furnace":1,"alexsmobs:animal_dictionary":1},"minecraft:mined":{"minecraft:crafting_table":6,"minecraft:grass_block":2,"minecraft:rose_bush":1,"biomesoplenty:sprout":1,"minecraft:spruce_sapling":1,"minecraft:furnace":1,"biomesoplenty:toadstool":17,"minecraft:wheat":5,"minecraft:spruce_log":3,"minecraft:pumpkin":5,"treechop:chopped_log":5,"minecraft:grass":2,"minecraft:oak_log":1,"minecraft:coal_ore":10,"minecraft:sunflower":1,"minecraft:dirt":1,"born_in_chaos_v1:infernal_evil_pumpkin_s":1,"minecraft:stone":43,"minecraft:oak_leaves":6,"minecraft:fern":2},"minecraft:killed_by":{"born_in_chaos_v1:zombie_clown_not_despawn":1,"minecraft:skeleton":1},"minecraft:custom":{"minecraft:interact_with_furnace":6,"minecraft:mob_kills":8,"minecraft:interact_with_crafting_table":8,"minecraft:time_since_death":11115,"minecraft:sleep_in_bed":2,"minecraft:time_since_rest":9111,"minecraft:sprint_one_cm":89346,"minecraft:damage_taken":640,"minecraft:walk_one_cm":94272,"minecraft:drop":2,"minecraft:damage_dealt":996,"minecraft:swim_one_cm":1584,"minecraft:talked_to_villager":4,"minecraft:fly_one_cm":116809,"minecraft:crouch_one_cm":1224,"minecraft:play_time":22790,"minecraft:deaths":2,"minecraft:sneak_time":439,"minecraft:walk_under_water_one_cm":1279,"minecraft:jump":588,"minecraft:walk_on_water_one_cm":2173,"minecraft:total_world_time":22790,"minecraft:fall_one_cm":16469}},"DataVersion":3465}