{"stats":{"minecraft:picked_up":{"biomesoplenty:toadstool":16,"minecraft:crafting_table":1,"minecraft:apple":1,"minecraft:wheat_seeds":1,"biomesoplenty:fir_sapling":2,"biomesoplenty:fir_log":7,"minecraft:oak_log":1,"minecraft:spruce_log":4,"minecraft:oak_sapling":1},"minecraft:crafted":{"biomesoplenty:fir_planks":28,"minecraft:oak_planks":4,"minecraft:crafting_table":1,"minecraft:spruce_planks":16,"minecraft:stick":8,"minecraft:wooden_pickaxe":1,"minecraft:wooden_axe":1},"minecraft:used":{"minecraft:wooden_axe":8,"minecraft:crafting_table":1,"minecraft:oak_sapling":1,"biomesoplenty:toadstool":1},"minecraft:mined":{"minecraft:grass":1,"minecraft:oak_log":1,"minecraft:rose_bush":1,"biomesoplenty:toadstool":17,"biomesoplenty:sprout":1,"minecraft:spruce_log":2,"treechop:chopped_log":3,"minecraft:fern":1,"minecraft:oak_leaves":3,"minecraft:crafting_table":1},"minecraft:custom":{"minecraft:time_since_rest":4790,"minecraft:crouch_one_cm":261,"minecraft:play_time":4790,"minecraft:sprint_one_cm":9772,"minecraft:damage_taken":130,"minecraft:walk_one_cm":14263,"minecraft:sneak_time":195,"minecraft:jump":67,"minecraft:damage_dealt":40,"minecraft:time_since_death":4790,"minecraft:total_world_time":4790,"minecraft:interact_with_crafting_table":1,"minecraft:fall_one_cm":1999,"minecraft:fly_one_cm":11213}},"DataVersion":3465}