{"stats":{"minecraft:picked_up":{"born_in_chaos_v1:corpse_maggot":4,"minecraft:crafting_table":2,"minecraft:golden_leggings":3,"gnumus:gnumus_claw":2,"gnumus:gnumus_pouch":1,"biomesoplenty:fir_sapling":6,"biomesoplenty:fir_log":15,"minecraft:enchanted_book":1,"minecraft:dirt":1,"minecraft:item_frame":1,"minecraft:armor_stand":4,"minecraft:bow":1,"minecraft:wheat_seeds":2,"minecraft:spruce_planks":12,"minecraft:rose_bush":1,"minecraft:iron_nugget":1,"minecraft:birch_sapling":1,"minecraft:iron_sword":1,"biomesoplenty:umbran_log":64,"minecraft:book":57,"minecraft:golden_helmet":3,"minecraft:stick":6,"minecraft:raw_iron":2,"minecraft:sweet_berries":16,"minecraft:oak_fence":2,"minecraft:torch":1,"minecraft:spruce_fence":1,"minecraft:spruce_sapling":5,"minecraft:spruce_log":19,"minecraft:spider_eye":1,"minecraft:purple_bed":2,"minecraft:rotten_flesh":1,"biomesoplenty:umbran_sapling":7,"gnumus:gnumus_clay":10,"minecraft:hay_block":1,"born_in_chaos_v1:spiny_shell":4,"minecraft:oak_sapling":1,"born_in_chaos_v1:rotten_fish":2,"minecraft:coal":17,"minecraft:cobblestone":14},"minecraft:dropped":{"minecraft:wheat_seeds":1,"minecraft:iron_nugget":3,"minecraft:golden_helmet":1,"alexsmobs:animal_dictionary":1,"minecraft:birch_sapling":1,"biomesoplenty:fir_sapling":6,"minecraft:item_frame":1,"minecraft:dirt":1,"gnumus:gnumus_claw":2,"minecraft:large_fern":2,"minecraft:rose_bush":1,"minecraft:golden_leggings":2,"minecraft:golden_sword":2,"gravestone:obituary":1,"minecraft:armor_stand":4},"minecraft:crafted":{"minecraft:crafting_table":1,"minecraft:spruce_planks":52,"minecraft:wooden_pickaxe":1,"minecraft:stone_axe":1,"minecraft:stick":8,"minecraft:stone_pickaxe":1,"minecraft:torch":12},"minecraft:killed":{"minecraft:cave_spider":1,"born_in_chaos_v1:thornshell_crab":1,"minecraft:zombie":1,"born_in_chaos_v1:corpse_fly":3},"minecraft:used":{"minecraft:stone_pickaxe":30,"minecraft:spruce_planks":14,"minecraft:wooden_pickaxe":6,"minecraft:rotten_flesh":1,"minecraft:torch":7,"minecraft:crafting_table":2,"born_in_chaos_v1:corpse_maggot":4,"born_in_chaos_v1:smoked_flesh":12,"minecraft:stone_axe":105,"minecraft:golden_sword":26,"born_in_chaos_v1:rotten_fish":2,"minecraft:sweet_berries":18,"minecraft:purple_bed":1,"minecraft:oak_sapling":1,"alexsmobs:animal_dictionary":1},"minecraft:mined":{"minecraft:spruce_planks":12,"minecraft:oak_fence":2,"minecraft:crafting_table":2,"minecraft:torch":1,"gravestone:gravestone":2,"minecraft:spruce_fence":1,"minecraft:grass_block":1,"minecraft:chest":1,"minecraft:rose_bush":1,"minecraft:spawner":1,"minecraft:hay_block":2,"minecraft:purple_bed":2,"minecraft:sweet_berry_bush":10,"minecraft:spruce_log":1,"treechop:chopped_log":4,"biomesoplenty:umbran_log":4,"minecraft:grass":6,"minecraft:bookshelf":20,"minecraft:coal_ore":18,"minecraft:stone":14,"minecraft:netherrack":3,"minecraft:oak_leaves":1,"minecraft:fern":5},"minecraft:killed_by":{"minecraft:creeper":1,"born_in_chaos_v1:firelight_not_despawn":1},"minecraft:custom":{"minecraft:interact_with_furnace":2,"minecraft:mob_kills":6,"minecraft:interact_with_crafting_table":3,"minecraft:eat_cake_slice":2,"minecraft:leave_game":1,"minecraft:time_since_death":11908,"minecraft:sleep_in_bed":2,"minecraft:climb_one_cm":502,"minecraft:time_since_rest":9300,"minecraft:sprint_one_cm":111100,"minecraft:damage_taken":1258,"minecraft:walk_one_cm":71414,"minecraft:drop":17,"minecraft:damage_dealt":1490,"minecraft:swim_one_cm":5268,"minecraft:talked_to_villager":1,"minecraft:fly_one_cm":130337,"minecraft:open_chest":10,"minecraft:crouch_one_cm":1047,"minecraft:play_time":23662,"minecraft:deaths":2,"minecraft:sneak_time":331,"minecraft:walk_under_water_one_cm":249,"minecraft:jump":527,"minecraft:walk_on_water_one_cm":2451,"minecraft:total_world_time":23662,"minecraft:fall_one_cm":17001}},"DataVersion":3465}