{"stats":{"minecraft:dropped":{"minecraft:brown_mushroom":1,"minecraft:flint_and_steel":1},"minecraft:mined":{"minecraft:grass_block":2,"minecraft:dirt":1},"minecraft:custom":{"minecraft:time_since_rest":12544,"minecraft:crouch_one_cm":276,"minecraft:sprint_one_cm":7902,"minecraft:play_time":14934,"minecraft:deaths":1,"minecraft:damage_taken":325,"minecraft:walk_one_cm":13289,"minecraft:sneak_time":160,"minecraft:walk_under_water_one_cm":3334,"minecraft:drop":2,"minecraft:aviate_one_cm":1781313,"minecraft:jump":100,"minecraft:damage_dealt":96,"minecraft:leave_game":1,"minecraft:walk_on_water_one_cm":3444,"minecraft:time_since_death":12499,"minecraft:total_world_time":14934,"minecraft:climb_one_cm":148,"minecraft:swim_one_cm":8278,"minecraft:fall_one_cm":3972,"minecraft:fly_one_cm":31409,"minecraft:player_kills":1},"minecraft:used":{"minecraft:firework_rocket":548,"minecraft:dirt":1,"minecraft:flint_and_steel":1,"minecraft:elytra":1,"minecraft:obsidian":12},"minecraft:picked_up":{"minecraft:brown_mushroom":1,"minecraft:dirt":3}},"DataVersion":3465}