{"stats":{"minecraft:picked_up":{"minecraft:book":12,"minecraft:raw_iron":2,"minecraft:stick":4,"minecraft:crafting_table":2,"minecraft:sweet_berries":16,"gnumus:gnumus_claw":2,"gnumus:gnumus_pouch":1,"biomesoplenty:fir_sapling":6,"biomesoplenty:fir_log":15,"minecraft:spruce_sapling":5,"minecraft:spruce_log":19,"minecraft:spider_eye":1,"minecraft:purple_bed":2,"minecraft:rotten_flesh":1,"gnumus:gnumus_clay":10,"minecraft:wheat_seeds":2,"minecraft:spruce_planks":12,"born_in_chaos_v1:spiny_shell":4,"minecraft:rose_bush":1,"minecraft:iron_nugget":1,"born_in_chaos_v1:rotten_fish":2,"minecraft:oak_sapling":1,"minecraft:coal":17,"minecraft:cobblestone":14},"minecraft:dropped":{"minecraft:rose_bush":1},"minecraft:crafted":{"minecraft:crafting_table":1,"minecraft:spruce_planks":52,"minecraft:stick":8,"minecraft:wooden_pickaxe":1,"minecraft:stone_pickaxe":1,"minecraft:torch":12,"minecraft:stone_axe":1},"minecraft:killed":{"minecraft:cave_spider":1,"minecraft:zombie":1,"born_in_chaos_v1:thornshell_crab":1},"minecraft:used":{"born_in_chaos_v1:smoked_flesh":12,"minecraft:stone_pickaxe":30,"minecraft:spruce_planks":14,"minecraft:wooden_pickaxe":6,"minecraft:rotten_flesh":1,"minecraft:stone_axe":60,"minecraft:torch":3,"minecraft:golden_sword":9,"minecraft:purple_bed":1,"minecraft:crafting_table":2,"minecraft:oak_sapling":1,"alexsmobs:animal_dictionary":1},"minecraft:mined":{"minecraft:purple_bed":2,"minecraft:spruce_planks":12,"minecraft:sweet_berry_bush":9,"minecraft:spruce_log":1,"treechop:chopped_log":3,"minecraft:crafting_table":2,"gravestone:gravestone":2,"minecraft:grass":2,"minecraft:bookshelf":4,"minecraft:coal_ore":18,"minecraft:chest":1,"minecraft:rose_bush":1,"minecraft:stone":14,"minecraft:netherrack":3,"minecraft:oak_leaves":1,"minecraft:fern":5,"minecraft:spawner":1},"minecraft:killed_by":{"minecraft:creeper":1,"born_in_chaos_v1:firelight_not_despawn":1},"minecraft:custom":{"minecraft:time_since_rest":3111,"minecraft:sprint_one_cm":75125,"minecraft:damage_taken":1118,"minecraft:walk_one_cm":41756,"minecraft:mob_kills":3,"minecraft:drop":1,"minecraft:damage_dealt":1190,"minecraft:swim_one_cm":1524,"minecraft:interact_with_crafting_table":3,"minecraft:fly_one_cm":104329,"minecraft:open_chest":7,"minecraft:crouch_one_cm":347,"minecraft:play_time":17473,"minecraft:deaths":2,"minecraft:sneak_time":198,"minecraft:walk_under_water_one_cm":61,"minecraft:jump":425,"minecraft:time_since_death":5719,"minecraft:walk_on_water_one_cm":919,"minecraft:sleep_in_bed":2,"minecraft:total_world_time":17473,"minecraft:fall_one_cm":14181}},"DataVersion":3465}