{"stats":{"minecraft:custom":{"minecraft:time_since_rest":391,"minecraft:crouch_one_cm":1116,"minecraft:play_time":15619,"minecraft:sprint_one_cm":14978,"minecraft:deaths":1,"minecraft:damage_taken":225,"minecraft:walk_one_cm":13796,"minecraft:sneak_time":475,"minecraft:jump":204,"minecraft:leave_game":1,"minecraft:time_since_death":0,"minecraft:total_world_time":15619,"minecraft:fall_one_cm":4807,"minecraft:interact_with_crafting_table":1,"minecraft:fly_one_cm":28874},"minecraft:crafted":{"minecraft:crafting_table":1,"minecraft:spruce_planks":48,"minecraft:stick":4,"minecraft:wooden_axe":1},"minecraft:mined":{"minecraft:grass":18,"minecraft:spruce_sapling":2,"minecraft:spruce_leaves":8,"minecraft:spruce_log":12,"minecraft:crafting_table":1},"minecraft:killed_by":{"minecraft:zombie":1},"minecraft:used":{"minecraft:wooden_axe":7,"minecraft:crafting_table":1,"minecraft:spruce_sapling":2},"minecraft:picked_up":{"minecraft:stick":2,"minecraft:crafting_table":1,"minecraft:wheat_seeds":2,"minecraft:spruce_sapling":3,"minecraft:spruce_log":12}},"DataVersion":3465}