{"stats":{"minecraft:picked_up":{"minecraft:stick":1,"minecraft:crafting_table":2,"minecraft:wheat_seeds":1,"minecraft:rose_bush":1,"minecraft:spruce_sapling":5,"minecraft:spruce_log":19,"minecraft:oak_sapling":1,"minecraft:coal":17,"minecraft:cobblestone":14},"minecraft:dropped":{"minecraft:rose_bush":1},"minecraft:crafted":{"minecraft:stone_axe":1,"minecraft:crafting_table":1,"minecraft:spruce_planks":20,"minecraft:stick":8,"minecraft:wooden_pickaxe":1,"minecraft:stone_pickaxe":1},"minecraft:used":{"minecraft:stone_axe":23,"minecraft:crafting_table":2,"minecraft:oak_sapling":1,"minecraft:stone_pickaxe":26,"alexsmobs:animal_dictionary":1,"minecraft:wooden_pickaxe":6},"minecraft:mined":{"minecraft:grass":1,"minecraft:coal_ore":18,"minecraft:rose_bush":1,"minecraft:spruce_log":1,"minecraft:stone":14,"treechop:chopped_log":2,"minecraft:crafting_table":2},"minecraft:custom":{"minecraft:time_since_rest":5473,"minecraft:crouch_one_cm":345,"minecraft:play_time":5473,"minecraft:sprint_one_cm":12780,"minecraft:damage_taken":50,"minecraft:walk_one_cm":10792,"minecraft:sneak_time":186,"minecraft:drop":1,"minecraft:jump":116,"minecraft:walk_on_water_one_cm":382,"minecraft:damage_dealt":392,"minecraft:time_since_death":5473,"minecraft:total_world_time":5473,"minecraft:fall_one_cm":4070,"minecraft:interact_with_crafting_table":3,"minecraft:fly_one_cm":22716}},"DataVersion":3465}